,id,attributes.channels
0,6434868503e059e930ccff00,chat
1,643486814093dcb37ac96dd5,email
2,6434867eed8c19bdd82980b9,chat
3,6434867b3c36688cbff8dcb0,voice
4,6434867bf92dbf4a15ea336d,email
5,6434867aed8c194bcd297ff5,email
6,643486796ea24a6572477ca5,chat
7,64348670fde4650c68bb0241,chat
8,64348666a0fa003c35c8622a,voice
9,64348664f92dbf8c65ea2dec,voice
10,643486504a42a64cfb4e3933,voice
11,6434864ffde4652201bafb42,voice
12,643486434093dc6400c96036,chat
13,64348643ed8c195f6d29738d,chat
14,64348640f92dbf1ce1ea2648,voice
15,643486401e90c60ec4eb724a,chat
16,6434864054e9f30f5e1c3e37,chat
17,6434863fe94dab1d2ff0c847,voice
18,6434863fe94dab0a83f0c843,chat
19,64348625ead65848c1a77388,email
20,6434861bb5735735a2fd710b,email
21,6434861a7ed41a4842d40810,chat
22,6434861a3c36685d00f8c795,voice
23,64348619e94dab27c2f0c060,chat
24,643486151e90c69d10eb699f,voice
25,6434860ef593ceff19468454,voice
26,6434860954e9f338741c32e5,email
27,64348604a0fa0026d1c84ce9,chat
28,643486024eabdba82b175b36,chat
29,643485f55edacdcfa40a7635,chat
30,643485f4fde465b89ebae88a,email
31,643485dbf26ac444a2df9bda,voice
32,643485d0e94dab295af0b140,voice
33,643485cd7ed41a3814d3f8bc,voice
34,643485cd7ed41a3814d3f8bc,sms
35,643485c9f92dbf384eea0d3e,
36,643485c7ead6588be2a75ffa,voice
37,643485c56cd79d7e95008e60,voice
38,643485c56cd79d7e95008e60,email
39,643485b21e90c69f17eb5471,voice
40,643485acead6589188a75a6e,voice
41,6434859223dba5d121fe72b2,email
42,64348591a0fa0047e7c8347e,chat
43,643485894093dc26bfc93933,voice
44,643485894093dc26bfc93933,email
45,643485785edacdfbe30a5bea,voice
46,64348576fde465af65bacdc8,email
47,64348575ead6586109a74fa7,email
48,6434856d4eabdb86f0173ad9,voice
49,6434856503e05902a3ccc119,email
50,643485605edacd22db0a5673,email
51,6434855f713cb70dd844f678,voice
52,6434855323dba53a83fe651f,voice
53,6434855323dba53a83fe651f,email
54,64348544713cb7758e44f09f,chat
55,6434853a6cd79dda9700714a,voice
56,6434853a6cd79dbd25007146,voice
57,64348528ead6588491a73fe6,voice
58,643485226cd79d6a3d006c2e,voice
59,64348509a0fa00187ac817ab,voice
60,643485064eabdb49a117257b,voice
61,643484eb4a42a661164ded63,voice
62,643484e7e94dab8e86f08124,email
63,643484e66ea24af8c6472940,email
64,643484e43c36683e53f8871e,voice
65,643484e3f26ac4dabfdf67a9,chat
66,643484e1ed8c1963cc292a1b,email
67,643484d91e90c6364ceb27b5,voice
68,643484d64093dc20cbc91442,voice
69,643484d43c366822ddf883d4,voice
70,643484d3713cb7c40744d9d2,voice
71,643484b26ea24a5502472000,voice
72,643484aeead65881cda72706,
73,643484ad4093dc49d7c90c67,
74,643484a9b57357935cfd247c,voice
75,643484a6ead6582d9da725bd,voice
76,643484a23c3668a775f87a0c,email
77,643484a0f26ac45578df5a28,chat
78,6434848f713cb7c1b344ccf4,email
79,64348477fde465fd96ba99b7,voice
80,64348477fde465fd96ba99b7,email
81,64348477fde465b3f2ba99b3,voice
82,64348477fde465b3f2ba99b3,sms
83,64348467fd27bdd07055d5ea,voice
84,64348458ead658557ea71632,voice
85,643484423c36688511f866e1,
86,643484423c3668b45cf866dd,voice
87,643484423c36683c9ff866d5,
88,64348431f92dbf3452e9ba83,email
89,6434843109d3225b6c71bdf6,voice
90,6434843109d3226ea471bdf2,email
91,64348431f92dbfd57de9ba6f,voice
92,64348425e94dab54bcf05ace,voice
93,64348425e94dab2745f05aca,voice
94,64348422713cb76cd444b7cc,email
95,64348420fde465e284ba88bc,email
96,6434841954e9f35ee21bcfab,voice
97,6434840f03e059407fcc7c80,email
98,6434840dead6585356a70797,email
99,643483f84eabdb4c5016f094,voice
100,643483f66ea24a751846fb1c,
101,643483f4a0fa000b50c7e04b,chat
102,643483f4a0fa00e25ac7e047,email
103,643483ebf593ceb30c4613e9,voice
104,643483ebf593ceb30c4613e9,sms
105,643483e8e94dab0239f04ee2,voice
106,643483e13c36684ecff853c6,chat
107,643483cd23dba515c6fe1786,chat
108,643483c103e0594d09cc6dae,voice
109,643483be39530e3221972f9c,email
110,643483bd7134534df3950a15,
111,643483bbb57357ccdcfcf64b,chat
112,643483ac4eabdb5fea16e255,voice
113,643483a803e059297ecc68cd,
114,643483966ea24a551146e93c,email
115,643483935edacde6fe09fb6c,voice
116,6434838e713cb73c02449aee,email
117,6434838b6cd79d1c54001c27,voice
118,6434838b6cd79d1c54001c27,email
119,6434837bf92dbfecd5e99776,voice
120,6434837a39530eeb439722db,email
121,643483793c366864bdf840c6,email
122,643483556ea24aa39a46dd17,
123,6434834709d3220e71719200,
124,6434833ef26ac43ec4df1720,voice
125,64348334ead65837d1a6debd,email
126,643483324eabdb389016cc48,voice
127,64348330e94dab973df02d36,voice
128,6434832df26ac45737df1403,email
129,6434832a09d3220e90718d0a,email
130,643483277ed41a4664d372a4,voice
131,643483261e90c65714ead4bc,email
132,643483265edacd33f609e7af,email
133,6434831f54e9f34bea1ba0f7,voice
134,643483157ed41a1073d36f0f,voice
135,64348315713cb7f8a0448625,voice
136,6434830f6cd79d862a000681,voice
137,643482f7b57357d6a6fcd371,voice
138,643482f54eabdb3f4916c1b7,chat
139,643482f223dba50e0ffdefc7,email
140,643482f223dba569f4fdefc0,voice
141,643482f01e90c68ca7eacab3,email
142,643482e703e0593fc4cc46f0,email
143,643482e423dba52cf9fded1a,email
144,643482e209d32281c0717fd6,
145,643482d6f26ac41de5df040b,chat
146,643482ceed8c195c5828c54e,
147,643482ceed8c19d8a428c54a,
148,643482ceed8c191fdb28c53d,
149,643482caead6584e32a6cbca,email
150,643482caead6584e32a6cbca,voice
151,643482c1b57357adbbfcc8e1,voice
152,643482c1b57357adbbfcc8e1,email
153,64348285fd27bd4c84557cff,email
154,643482845edacd151809cb84,email
155,643482845edacd151809cb84,voice
156,64348282a0fa00840cc79b77,voice
157,64348280b573571c4bfcbd28,chat
158,6434827d6cd79d657cffebb4,voice
159,64348278c54b38a1dcae9eac,chat
160,643482757ed41a514ad352af,voice
161,643482757ed41a514ad352af,email
162,64348269713453ff1094cc86,chat
163,64348268f26ac43034def0b6,chat
164,6434824e39530e03d696edc5,chat
165,6434824d54e9f311ca1b7bc9,email
166,6434824954e9f35d5e1b7b09,chat
167,64348242b57357e087fcb270,voice
168,64348242b57357e087fcb270,email
169,643482417ed41a3f41d349c9,chat
170,64348240fd27bde52455714c,chat
171,6434823efd27bd7a575570e6,chat
172,64348234ead6580fcba6b081,voice
173,6434822da0fa004e16c78d14,
174,6434822d54e9f3151b1b7639,chat
175,64348229b573575e01fcae4b,chat
176,6434820ff92dbf0a9fe95654,voice
177,6434820ff92dbf4f8fe95650,sms
178,6434820ff92dbf4f8fe95650,voice
179,643482033c36684970f7fef8,voice
180,643481fc1e90c604edea9e65,chat
181,643481fa7134533f7b94b95a,voice
182,643481f3ed8c197eb5289f3d,chat
183,643481f0c54b38cb26ae878e,email
184,643481eefde465be2fba23a7,email
185,643481ed7134531f4494b72e,voice
186,643481ed7134534f4c94b72a,chat
187,643481ebb57357eb74fca36f,email
188,643481ea1e90c63009ea9b0f,email
189,643481e5a737f4d71ddeee86,email
190,643481e5713453881e94b564,email
191,643481e0c54b38e387ae84b4,email
192,643481dd4093dc6f3ac887af,voice
193,643481dcfde4659037ba20ce,email
194,643481db713453c6f094b3a6,chat
195,643481d0a737f41a27deea8e,voice
196,643481cca737f41c13dee9fb,chat
197,643481c7713cb7c027444b94,email
198,643481c2ed8c190f3b2896cb,chat
199,643481b07ed41a5c3ad330f6,chat
200,643481a76cd79d323fffc620,email
201,6434819e39530e074696cecd,voice
202,643481894a42a626a84d4e33,chat
203,643481834093dc4991c87788,chat
204,6434817d09d3221114714077,chat
205,64348169fd27bd72f7554ad7,voice
206,6434815e713453e906949d3f,chat
207,643481583c36684f98f7e058,email
208,64348156c54b38615dae6c88,email
209,6434814ab573576b71fc865e,voice
210,643481404093dcdaf3c86b95,email
211,6434813cb57357a857fc83c5,email
212,64348138a737f455dcdecf1a,email
213,6434813039530e2efb96bb16,chat
214,64348127713cb7737c442edc,chat
215,643481176ea24a02eb46777b,chat
216,643481146ea24a34bf4676eb,chat
217,6434810e897e51b85f5b3d81,voice
218,6434810a6ea24a8d2f467520,chat
219,643480ff23dba58f5cfd975d,chat
220,643480fe713cb7b3fd442807,voice
221,643480efe94dab71eeefc5a0,email
222,643480eeb57357fd80fc75ba,voice
223,643480eec54b38d656ae59cb,chat
224,643480ede94dab2a1defc562,email
225,643480ece94dab5139efc531,email
226,643480ea54e9f3f1161b3e5d,voice
227,643480eaa737f403b4dec1c5,email
228,643480e7713cb74a2e442408,email
229,643480dc23dba55159fd912d,chat
230,643480d9b573572956fc72a5,voice
231,643480d1c54b38d4c2ae5523,email
232,643480cff92dbf428ce91d41,email
233,643480ca713cb766b0441ecd,email
234,643480c154e9f344d51b375b,email
235,643480c0fd27bdf019552cdf,voice
236,643480b96cd79d6941ff9b1b,voice
237,643480b8e94dab92e4efbb91,email
238,643480b43c36683067f7c458,chat
239,643480ad713cb76ce0441911,voice
240,643480ad713cb76ce0441911,email
241,643480a73c36681d35f7c1b4,chat
242,643480a45edacd1cf70975ac,chat
243,643480a14eabdb6bc4165831,chat
244,643480a04093dc828dc84f3b,
245,6434809ef92dbf76cde913e2,voice
246,64348098ead6587827a66716,email
247,64348092ead6583709a66634,chat
248,6434809103e05960c0cbdca9,email
249,6434808ff92dbf6570e91126,email
250,6434808d03e059a840cbdbda,voice
251,6434808d5edacd6781097152,
252,6434808a713453906e947751,email
253,643480891e90c6bbc2ea5c45,
254,64348086ed8c194b16285d2c,email
255,64348081a0fa00809dc73e9e,voice
256,6434808023dba5bbd9fd7f96,chat
257,64348079c54b38f1e1ae43f2,email
258,6434807754e9f3e5641b2994,voice
259,6434807754e9f3e5641b2994,email
260,64348076fd27bd08b2551f30,chat
261,64348068f593ce22f4457358,
262,6434806509d32276c2710f46,chat
263,6434806509d32223c6710f42,chat
264,643480644a42a624e74d1805,chat
265,64348060fde4651685b9dc1c,voice
266,64348060fde4651c98b9dc01,voice
267,64348060713cb77524440abe,voice
268,643480564093dc2869c84133,chat
269,64348053fd27bde23c551877,email
270,6434805223dba574a2fd7706,email
271,6434803a54e9f3e3871b1e94,email
272,64348037b573574f6afc5468,chat
273,643480374eabdb3013164493,voice
274,64348036f92dbf5003e900b2,chat
275,64348031b57357d758fc52c4,voice
276,6434802bc54b3870b9ae34bd,email
277,6434802a54e9f315de1b1b46,chat
278,64348025a0fa00450ac72dfd,email
279,6434801cf593ce66d8456555,email
280,6434801c4a42a691e04d0ab8,voice
281,64348014ead658018ca64e70,voice
282,643480143c36688c30f7a6b5,voice
283,64348012f26ac446acde8476,chat
284,6434800ec54b3817c4ae2fc9,voice
285,6434800c54e9f34c8c1b15fb,chat
286,6434800ba737f42eb4de98ab,voice
287,64348009f92dbf3e15e8f87e,voice
288,64348007a737f462cdde981b,voice
289,643480074a42a6dce64d06bd,voice
290,643480016ea24ad40e4643a7,voice
291,643480016ea24ad40e4643a7,email
292,64347fffa0fa00d7efc7264e,voice
293,64347fff23dba50566fd6746,email
294,64347ffbfde465bbb6b9c8d3,chat
295,64347ffaead658e000a64974,chat
296,64347fefed8c1934a428408b,chat
297,64347fd9ead6585997a64379,email
298,64347fcd4a42a6a33a4cfc2f,voice
299,64347fc71e90c6016dea3777,email
300,64347fc523dba5e25bfd5c35,email
301,64347fc4f593ce5476455503,email
302,64347fc17ed41a3061d2d520,chat
303,64347fbd4093dc439dc825e7,voice
304,64347fbd4093dc439dc825e7,email
305,64347fba09d322730c70ef2b,voice
306,64347fb26cd79d6c21ff6ac8,email
307,64347fb21e90c65d09ea33f2,chat
308,64347fae03e0596e85cbb26f,voice
309,64347fad7ed41a50e5d2d1b1,voice
310,64347fad7ed41a50e5d2d1b1,email
311,64347fac7ed41a20f7d2d1aa,voice
312,64347fac7ed41a55d9d2d1a1,voice
313,64347fac7ed41a2727d2d19d,voice
314,64347fac7ed41a3657d2d198,voice
315,64347fac7ed41a1d3ad2d194,voice
316,64347fac7ed41af539d2d18e,voice
317,64347facfd27bd177254f8dd,chat
318,64347faafd27bd22a054f89f,chat
319,64347fa839530e152a967321,voice
320,64347fa7b573576cdcfc39a0,email
321,64347fa7b573574e4cfc3999,email
322,64347f926cd79d36edff6523,voice
323,64347f8ea0fa003a37c711a6,voice
324,64347f8ea0fa003c91c711a2,voice
325,64347f8cf26ac4c67bde6c10,chat
326,64347f8a09d322de9c70e72c,voice
327,64347f86ed8c19362c282e3e,chat
328,64347f8309d322bb5070e615,voice
329,64347f7ff92dbf67afe8df91,voice
330,64347f7ff92dbf67afe8df91,sms
331,64347f7ff92dbf67afe8df91,email
332,64347f6ffde4658b86b9af90,chat
333,64347f69e94dabf090ef7db1,voice
334,64347f63f593ce6c7b454478,email
335,64347f60e94dabeafdef7bf0,email
336,64347f5ab57357b4acfc2bb7,email
337,64347f563c36684093f784a0,voice
338,64347f563c36684093f784a0,email
339,64347f546cd79dc01fff5a66,voice
340,64347f4a54e9f34dba1af3c8,email
341,64347f4a54e9f3eabe1af3c4,email
342,64347f4739530ea177966201,email
343,64347f3c897e516dc85ae7fa,email
344,64347f34e94dabec8cef7378,email
345,64347f3054e9f37e751aee9d,voice
346,64347f3054e9f30e701aee99,voice
347,64347f2f5edacd475d0930d8,email
348,64347f2bc54b386650ae0742,chat
349,64347f29c54b38f55eae06f2,email
350,64347f29c54b380f74ae06ee,email
351,64347f285edacd6d06092f8f,voice
352,64347f285edacd6d06092f8f,email
353,64347f27a0fa00fb7bc6fe96,voice
354,64347f27a0fa00fb7bc6fe96,sms
355,64347f23ead65811caa6215e,voice
356,64347f20f26ac4e575de584c,chat
357,64347f1b03e0597663cb9762,voice
358,64347f1809d322163170d231,email
359,64347f105edacde9ba092af7,email
360,64347f10ead6587b71a61d61,voice
361,64347f086cd79dba20ff4af8,voice
362,64347f0309d322db0670ce74,email
363,64347f02f92dbfeee1e8c893,voice
364,64347f02f92dbfeee1e8c893,email
365,64347efcf26ac40f8ede5192,email
366,64347efbf593ce31b34530ed,email
367,64347efbf593ce31b34530ed,voice
368,64347efbf593cef0884530e9,
369,64347ef2713cb7005143c764,voice
370,64347ef0ead6583596a61727,email
371,64347ef0ead65883faa61723,email
372,64347ee9897e51867d5ad87d,voice
373,64347ee9897e51f1dd5ad861,voice
374,64347ee809d322338d70c90a,email
375,64347ee4ead6584020a61538,voice
376,64347edbed8c1974f9280dd7,chat
377,64347ed3f593ce7220452883,voice
378,64347ecf5edacd7f17091e93,email
379,64347ec7fd27bd131454cd00,chat
380,64347ebe03e0591c2bcb84dc,email
381,64347ebe03e0591c2bcb84dc,voice
382,64347ebe03e0593b0ccb84d2,voice
383,64347eb36cd79d3383ff3a6a,voice
384,64347eb0ead65845f7a609f2,email
385,64347ea73c36685898f762b2,email
386,64347ea73c36689b94f762ae,chat
387,64347ea41e90c639f5ea01ff,chat
388,64347e96e94dab58a1ef5463,email
389,64347e9439530e8d2c963f2f,email
390,64347e94b57357be07fc0620,voice
391,64347e90fd27bd53bb54c1e8,email
392,64347e8e39530e38c4963e3e,voice
393,64347e8afd27bdbae754c0c5,email
394,64347e83fde4655d01b9823e,email
395,64347e72897e51af855ac147,voice
396,64347e6fead6581cf9a5fdb6,voice
397,64347e6609d322f95370b049,email
398,64347e5803e059ebffcb70e1,voice
399,64347e5803e0593591cb70d3,voice
400,64347e56fd27bd7b6f54b729,email
401,64347e4ba737f47a34de455a,
402,64347e4ba737f44160de4556,voice
403,64347e4a4093dc60a1c7e0ce,email
404,64347e4a4093dca470c7e0c9,email
405,64347e48fde4652b55b97620,voice
406,64347e4554e9f3a2f21ac14a,voice
407,64347e454eabdb971615e93c,voice
408,64347e40713453baa0940ab4,voice
409,64347e3b39530ee68d962e21,email
410,64347e3b6cd79d6dfaff2272,voice
411,64347e3b6cd79d6dfaff2272,email
412,64347e39a737f4caafde4210,email
413,64347e38fde465b580b972d5,email
414,64347e33f26ac42950de2b39,chat
415,64347e2e713cb7559143a10d,email
416,64347e2c5edacdcd7908fec7,voice
417,64347e1ae94dab69adef3c6e,email
418,64347e0f7134533067940030,email
419,64347e0ef92dbf55aae896cd,voice
420,64347e03fde465481ab967fe,
421,64347e02a737f42c52de376b,voice
422,64347e02a737f42c52de376b,email
423,64347df5fd27bd5f1b54a4ba,chat
424,64347def897e515b115aa868,voice
425,64347dea23dba51132fd016b,email
426,64347de07ed41a7e44d27adb,voice
427,64347de07ed41a7e44d27adb,sms
428,64347ddff26ac45e89de1a7c,email
429,64347dd4c54b386976adc482,voice
430,64347dd0a737f4913ede2e30,chat
431,64347dc4ed8c19428e27d7fc,voice
432,64347dc4a0fa0002cac6bb3f,voice
433,64347dc2897e51ac6e5a9ff3,voice
434,64347dbe4a42a6dcbf4c97f7,email
435,64347dbe4a42a6dcbf4c97f7,voice
436,64347db6a737f485d5de293c,voice
437,64347db3f92dbf4970e885f5,voice
438,64347db3f92dbf4970e885f5,sms
439,64347dab03e05944cccb5062,voice
440,64347d9e6cd79da1dcff04f8,voice
441,64347d973c36686329f72ebd,voice
442,64347d911e90c62ef3e9cd80,voice
443,64347d90f593ce955d44eb88,voice
444,64347d7e54e9f336491a9c65,email
445,64347d7903e0595f85cb4768,voice
446,64347d7823dba5dcf2fced3d,voice
447,64347d761e90c6376ae9c8b4,email
448,64347d74897e510e965a920b,chat
449,64347d72a0fa0028e5c6acbc,voice
450,64347d686ea24ac2a045c7bb,voice
451,64347d64f593ceac2944e3a2,chat
452,64347d6309d322406d707fb4,email
453,64347d624a42a657f54c86cb,voice
454,64347d624a42a657f54c86cb,email
455,64347d59ed8c191fab27c439,chat
456,64347d584eabdb66c515bd8b,voice
457,64347d584a42a6684b4c851c,email
458,64347d583c36686c8ef723dd,email
459,64347d4ae94dab6fecef16db,voice
460,64347d4ae94dab6fecef16db,sms
461,64347d34897e51074b5a86b7,voice
462,64347d25ead658acbfa5bfe6,voice
463,64347d156ea24afa0945b946,email
464,64347d06f26ac41276ddf480,voice
465,64347d06f26ac41276ddf480,email
466,64347d036ea24aa74a45b64a,email
467,64347d02ead658720fa5b9e3,voice
468,64347d02ead658720fa5b9e3,email
469,64347d02ead658da50a5b9da,email
470,64347cfae94dab7ecbef0918,email
471,64347ce44093dc3f8dc79ed9,chat
472,64347ce35edacd7ecb08c214,voice
473,64347cc6ead6580f19a5aeb8,voice
474,64347cc6ead6580f19a5aeb8,sms
475,64347cbac54b383dfead926b,chat
476,64347cb5ead658508ba5ac46,email
477,64347caf256b8f39d9cbbb3f,email
478,64347cabf92dbf3761e8583f,voice
479,64347c9b3c3668101ff702f6,voice
480,64347c9409d322311f705c44,email
481,64347c946ea24a9a0f45a280,email
482,64347c82c54b388508ad88e3,chat
483,64347c72f92dbf9957e84f0c,voice
484,64347c72fde4656652b92100,email
485,64347c6c1e90c61175e99a99,voice
486,64347c6c23dba51697fcbe51,voice
487,64347c65ead65812b5a59ea5,voice
488,64347c65ead658635ca59e9d,voice
489,64347c5f897e51b5d35a629c,chat
490,64347c5f897e5104115a628c,voice
491,64347c507ed41a5f19d235cc,voice
492,64347c46ed8c19c5552793b7,voice
493,64347c457ed41a4d1dd233ca,voice
494,64347c457ed41a362dd233c4,voice
495,64347c44b57357bacdfb9bb2,voice
496,64347c3cf26ac434f4ddd1f8,voice
497,64347c374093dc2ffac78181,email
498,64347c374093dc5c6fc7817d,voice
499,64347c374093dc5c6fc7817d,sms
500,64347c37ed8c196a8a2790d9,voice
501,64347c37ed8c196a8a2790d9,sms
502,64347c314093dcbf5dc780a5,voice
503,64347c2cead658cbefa594c3,email
504,64347c1df26ac46c38ddccb6,email
505,64347c1c6ea24acf98458e17,voice
506,64347c1c6ea24acf98458e17,sms
507,64347c19fde465d946b91227,voice
508,64347c19fde465d946b91227,sms
509,64347c17e94dab7944eee2b8,email
510,64347c156ea24a314f458d0e,voice
511,64347c141e90c652a9e98b98,chat
512,64347bf8a0fa003ae5c66bc1,voice
513,64347bf8a0fa003ae5c66bc1,sms
514,64347bf839530e100c95c7c8,chat
515,64347bf839530e0eab95c7c4,email
516,64347bf839530e321595c7c0,email
517,64347bf739530ed83395c7a8,
518,64347bf739530e529c95c7a3,voice
519,64347bf7ed8c198f22278547,email
520,64347bf723dba54389fca9f3,chat
521,64347bf44eabdb2f79157fd1,voice
522,64347bf44eabdb2f79157fd1,sms
523,64347bea713453dee193a01c,chat
524,64347be9fd27bdd4b8544b1e,email
525,64347be9b5735725defb8bfa,voice
526,64347be954e9f332161a57a8,chat
527,64347be4a0fa00e1f4c66804,voice
528,64347be4c54b384167ad6cc2,email
529,64347be24eabdb0e2c157c81,voice
530,64347bdc03e0593ea4caff09,voice
531,64347bd7256b8fffa2cb952d,voice
532,64347bd3713453fc09939bec,email
533,64347bc8f26ac4c60eddbdcc,voice
534,64347bc64093dc77a8c76dc5,voice
535,64347bb3c54b384b6bad63d2,chat
536,64347bb07134532de8939555,chat
537,64347ba923dba56aa8fc9ba2,chat
538,64347ba6c54b38ce40ad61fd,
539,64347ba6c54b385c9dad61f8,
540,64347ba6c54b3825c0ad61f4,email
541,64347ba6c54b3825c0ad61f4,voice
542,64347ba023dba57836fc99ea,voice
543,64347b9cfd27bd4f4d543d47,voice
544,64347b9cfd27bd4f4d543d47,email
